id,supuesto_id,escenario_base,emisiones_totales_gg_ajustadas,tco2e_per_capita_ajustado,brecha_pct_ajustada,fecha_calculo
1,1,A,7560.0,1.4561659381984684,-8.98962886259573,2026-08-05
2,2,A,7936.0,1.5285890060242124,-4.463187123486728,2026-08-05
3,3,A,8663.0,1.6686197781234566,4.288736132716034,2026-08-05
4,4,A,8266.0,1.5921518049138281,-0.49051219288574754,2026-08-05
5,5,A,8250.0,1.5890699722403923,-0.6831267349754894,2026-08-05
6,6,A,8351.0,1.6085240409914563,0.5327525619660128,2026-08-05
7,7,A,7681.0,1.4794722977913275,-7.532981388042037,2026-08-05
8,8,A,8000.0,1.5409163367179561,-3.692728955127747,2026-08-05
9,9,A,8576.0,1.651862312961649,3.241394560103056,2026-08-05
